{"_default": {}, "config": {"1": {"script": "aloha-throughput", "commit": "", "params": ["nDevices"]}}, "results": {"1": {"params": {"nDevices": 7.906043210907698, "RngRun": 44}, "meta": {"id": "80b41d14-322b-48f0-9ca4-338be5f15453", "elapsed_time": 0.035845041275024414}}, "2": {"params": {"nDevices": 8.286427728546842, "RngRun": 45}, "meta": {"id": "a4a428dc-e6c0-414e-92f6-0f8f22f144e2", "elapsed_time": 0.039171457290649414}}, "3": {"params": {"nDevices": 1.3257113655901092, "RngRun": 6}, "meta": {"id": "12ac0ace-cdf7-464c-a2f7-b5b8743e26ff", "elapsed_time": 0.0393831729888916}}, "4": {"params": {"nDevices": 1.264855216855296, "RngRun": 5}, "meta": {"id": "27b7da2d-6a47-4801-959e-cd4b6dafc219", "elapsed_time": 0.037346601486206055}}, "5": {"params": {"nDevices": 7.196856730011519, "RngRun": 42}, "meta": {"id": "e354c532-318c-441a-a1d8-d2f546a12361", "elapsed_time": 0.03607749938964844}}, "6": {"params": {"nDevices": 4.094915062380425, "RngRun": 30}, "meta": {"id": "4a408292-ff2a-43be-a027-b0b64b0dd238", "elapsed_time": 0.03412032127380371}}, "7": {"params": {"nDevices": 9.102981779915218, "RngRun": 47}, "meta": {"id": "c868397a-9bcf-4517-8161-958625946e85", "elapsed_time": 0.03414201736450195}}, "8": {"params": {"nDevices": 8.685113737513525, "RngRun": 46}, "meta": {"id": "b1d9be67-dfc6-4d58-bf3d-87c660c552e7", "elapsed_time": 0.03578615188598633}}, "9": {"params": {"nDevices": 1.676832936811008, "RngRun": 11}, "meta": {"id": "f1ac9604-3b33-4e66-a566-5cebe6821505", "elapsed_time": 0.03620338439941406}}, "10": {"params": {"nDevices": 2.329951810515372, "RngRun": 18}, "meta": {"id": "90078730-52a5-4994-a5fb-4e6305885ece", "elapsed_time": 0.03352046012878418}}, "11": {"params": {"nDevices": 4.714866363457394, "RngRun": 33}, "meta": {"id": "3d2de050-8250-4e0e-a754-ec4c3ecf6ef2", "elapsed_time": 0.03593611717224121}}, "12": {"params": {"nDevices": 7.543120063354617, "RngRun": 43}, "meta": {"id": "1a8f1257-6152-44e1-b7d7-7d37cde11520", "elapsed_time": 0.04045295715332031}}, "13": {"params": {"nDevices": 5.963623316594643, "RngRun": 38}, "meta": {"id": "1c2ff663-f588-41d7-bb57-87110fb56da7", "elapsed_time": 0.07109260559082031}}, "14": {"params": {"nDevices": 6.866488450043, "RngRun": 41}, "meta": {"id": "89ec39f6-403a-4fba-a33a-ff7ac1f9f464", "elapsed_time": 0.07261967658996582}}, "15": {"params": {"nDevices": 9.54095476349994, "RngRun": 48}, "meta": {"id": "6b1faff8-2f4e-4e8d-9383-cf7507a00d74", "elapsed_time": 0.07644772529602051}}, "16": {"params": {"nDevices": 3.72759372031494, "RngRun": 28}, "meta": {"id": "8efde32c-1da9-4af1-a0ca-201878352a7a", "elapsed_time": 0.0666959285736084}}, "17": {"params": {"nDevices": 3.088843596477481, "RngRun": 24}, "meta": {"id": "91487d23-fc59-495f-b3f2-cf4f24e7d907", "elapsed_time": 0.04862809181213379}}, "18": {"params": {"nDevices": 5.689866029018296, "RngRun": 37}, "meta": {"id": "296ab7cd-92ef-42ee-9fbd-17106d5f3af3", "elapsed_time": 0.06128835678100586}}, "19": {"params": {"nDevices": 10.0, "RngRun": 49}, "meta": {"id": "b35d8034-92ec-4ef9-a168-8ba0223736d3", "elapsed_time": 0.05303597450256348}}, "20": {"params": {"nDevices": 1.3894954943731377, "RngRun": 7}, "meta": {"id": "8baa9061-bf39-4896-97bd-bb455ac11bbe", "elapsed_time": 0.0533137321472168}}, "21": {"params": {"nDevices": 1.1513953993264474, "RngRun": 3}, "meta": {"id": "1dada503-4a7e-49fc-ab76-2b082f5c421c", "elapsed_time": 0.050159454345703125}}, "22": {"params": {"nDevices": 4.498432668969445, "RngRun": 32}, "meta": {"id": "7c563fee-4c01-421b-9369-e52bec1d8371", "elapsed_time": 0.04564929008483887}}, "23": {"params": {"nDevices": 4.941713361323834, "RngRun": 34}, "meta": {"id": "83622260-03a0-4aaa-a792-4d90a165e02c", "elapsed_time": 0.04462075233459473}}, "24": {"params": {"nDevices": 2.6826957952797255, "RngRun": 21}, "meta": {"id": "e7c5f662-8256-410c-bee3-8827a831cb5a", "elapsed_time": 0.04256153106689453}}, "25": {"params": {"nDevices": 4.2919342601287775, "RngRun": 31}, "meta": {"id": "f64dc08c-d615-48b9-a763-4ca914a83b09", "elapsed_time": 0.03601360321044922}}, "26": {"params": {"nDevices": 1.599858719606058, "RngRun": 10}, "meta": {"id": "c975d7f0-1357-4cc8-afe1-527cccae4122", "elapsed_time": 0.03256344795227051}}, "27": {"params": {"nDevices": 1.4563484775012439, "RngRun": 8}, "meta": {"id": "ba7bae95-099f-4b8e-bed7-f19233699e98", "elapsed_time": 0.03454446792602539}}, "28": {"params": {"nDevices": 2.023589647725157, "RngRun": 15}, "meta": {"id": "8d848b76-668a-4d43-b3dc-5de46fb8e724", "elapsed_time": 0.03379964828491211}}, "29": {"params": {"nDevices": 1.0481131341546857, "RngRun": 1}, "meta": {"id": "2bb1c48a-3574-4075-ab26-385dbce39708", "elapsed_time": 0.032137393951416016}}, "30": {"params": {"nDevices": 2.120950887920191, "RngRun": 16}, "meta": {"id": "e27b6587-675c-45d4-9708-ab4f4d08958e", "elapsed_time": 0.03300285339355469}}, "31": {"params": {"nDevices": 1.2067926406393286, "RngRun": 4}, "meta": {"id": "4058a8d1-6491-46fc-b4ac-7d9dfabecb41", "elapsed_time": 0.04350876808166504}}, "32": {"params": {"nDevices": 2.2229964825261948, "RngRun": 17}, "meta": {"id": "20238551-2006-4770-adf6-0954f85a5f95", "elapsed_time": 0.03742408752441406}}, "33": {"params": {"nDevices": 6.250551925273971, "RngRun": 39}, "meta": {"id": "e13a537c-aab8-4a3c-a6f6-9999fa972544", "elapsed_time": 0.03630542755126953}}, "34": {"params": {"nDevices": 2.8117686979742302, "RngRun": 22}, "meta": {"id": "950a7a0c-417e-4960-b824-8a14b7915f77", "elapsed_time": 0.03289437294006348}}, "35": {"params": {"nDevices": 1.842069969326716, "RngRun": 13}, "meta": {"id": "34d60ce8-0459-4280-ba68-c8da60d65472", "elapsed_time": 0.03384971618652344}}, "36": {"params": {"nDevices": 2.442053094548651, "RngRun": 19}, "meta": {"id": "4cee0dcb-1da3-49a3-9c77-7b5dda75f782", "elapsed_time": 0.03447437286376953}}, "37": {"params": {"nDevices": 2.5595479226995357, "RngRun": 20}, "meta": {"id": "dd4883e6-08a7-4ee6-8e95-3ab681753236", "elapsed_time": 0.03930020332336426}}, "38": {"params": {"nDevices": 1.0, "RngRun": 0}, "meta": {"id": "7f199a6f-bfb5-4c75-8cb3-37ed12685e50", "elapsed_time": 0.04316139221191406}}, "39": {"params": {"nDevices": 3.393221771895328, "RngRun": 26}, "meta": {"id": "0863f08b-8017-452b-a5d4-95e219a1d862", "elapsed_time": 0.04281806945800781}}, "40": {"params": {"nDevices": 1.93069772888325, "RngRun": 14}, "meta": {"id": "2c7b066f-c87c-4015-822f-cd455d7f03ed", "elapsed_time": 0.04958772659301758}}, "41": {"params": {"nDevices": 1.5264179671752334, "RngRun": 9}, "meta": {"id": "65ea94cd-9ca7-42bc-aab8-54899c4a48ae", "elapsed_time": 0.04369807243347168}}, "42": {"params": {"nDevices": 6.551285568595508, "RngRun": 40}, "meta": {"id": "ba4a4d2d-54ce-4ea5-810f-c49050ef7591", "elapsed_time": 0.0410764217376709}}, "43": {"params": {"nDevices": 1.7575106248547918, "RngRun": 12}, "meta": {"id": "ce4561c4-b869-4ffe-b6af-525905e2b1b3", "elapsed_time": 0.056060075759887695}}, "44": {"params": {"nDevices": 3.5564803062231287, "RngRun": 27}, "meta": {"id": "379f09fb-8d02-4774-ad3a-2e2cefb3411d", "elapsed_time": 0.06147503852844238}}, "45": {"params": {"nDevices": 5.17947467923121, "RngRun": 35}, "meta": {"id": "df711ee2-2775-4f98-a5b6-c6a8f3602e32", "elapsed_time": 0.05306053161621094}}, "46": {"params": {"nDevices": 2.9470517025518106, "RngRun": 23}, "meta": {"id": "fe6d9f7c-e1b4-40c3-a778-0f790df181e7", "elapsed_time": 0.0645899772644043}}, "47": {"params": {"nDevices": 1.0985411419875581, "RngRun": 2}, "meta": {"id": "8ae771ec-9bcc-4722-a478-b1fd4787a63c", "elapsed_time": 0.05952739715576172}}, "48": {"params": {"nDevices": 3.237457542817644, "RngRun": 25}, "meta": {"id": "7eb29412-c0b8-4526-8d7c-3a561f209504", "elapsed_time": 0.061417579650878906}}, "49": {"params": {"nDevices": 3.906939937054617, "RngRun": 29}, "meta": {"id": "91b9497f-1a8b-4b20-92bc-27b5797069b8", "elapsed_time": 0.051392316818237305}}, "50": {"params": {"nDevices": 5.428675439323859, "RngRun": 36}, "meta": {"id": "b03c5eb9-e875-4cd0-959f-b500e63180f9", "elapsed_time": 0.03912210464477539}}}}